[{"date": "2021-03-12T23:40:08Z", "title": "Mississippi bans trans girls from school sports", "content": "image copyrightGetty Images\r\nimage captionMississippi Republican Governor Tate Reeves\r\nMississippi's governor has signed a law banning transgender athletes from competing in girls' sports at school.\r\u2026 [+5054 chars]", "author": "Bbc News"}, {"date": "2021-03-12T23:31:33Z", "title": "Newspaper headlines: Vigils 'to defy' ban and Easter jabs for over-40s", "content": "Watch the latest episode\r\nThe BBC News Channels press review every evening at 22:40 weekdays, 22:30 and 23:30 weekends and via the BBC iPlayer", "author": "https://www.facebook.com/bbcnews"}, {"date": "2021-03-12T22:26:09Z", "title": "Amazon will not sell books that 'frame sexual identity as mental illness'", "content": "image copyrightGetty Images\r\nimage captionAmazon said it removed the publication \"for violating our guidelines\"\r\nAmazon has said that it will not sell books that frame gender or sexual identities as \u2026 [+2402 chars]", "author": "Bbc News"}, {"date": "2021-03-12T21:21:03Z", "title": "Sarah Everard: Met Police officer charged with murder", "content": "image captionSarah Everard has been described as \"beautiful, thoughtful and incredibly kind\"\r\nA serving Met Police officer has been charged with the kidnap and murder of Sarah Everard, who disappeare\u2026 [+2343 chars]", "author": "Bbc News"}, {"date": "2021-03-12T19:33:52Z", "title": "Minneapolis to pay Floyd family $27m", "content": "image captionGeorge Floyd said he could not breathe more than 20 times before he died\r\nThe city of Minneapolis has reached a $27m settlement with the family of George Floyd, an unarmed black man who \u2026 [+752 chars]", "author": "Bbc News"}, {"date": "2021-03-12T18:36:22Z", "title": "Cuomo: New York governor defiant as more Democrats tell him to quit - BBC News", "content": "image copyrightTom Williams\r\nimage captionAlexandria Ocasio-Cortez is one of the latest New York politicians urging the governor to quit\r\nAndrew Cuomo has insisted he will not heed calls to quit as N\u2026 [+3394 chars]", "author": "https://www.facebook.com/bbcnews"}, {"date": "2021-03-12T18:33:06Z", "title": "Duchess of Sussex has complained to Ofcom over Piers Morgan comments", "content": "image copyrightGetty Images\r\nimage captionMorgan said he \"didn't believe a word\" the duchess had said in her interview with Oprah\r\nThe Duchess of Sussex has complained to Ofcom about Piers Morgan's c\u2026 [+2537 chars]", "author": "Bbc News"}, {"date": "2021-03-12T18:06:13Z", "title": "Scientists unlock mysteries of world's oldest 'computer'", "content": "image copyrightProf Tony Freeth / UCL\r\nimage captionScientists used computer modelling to recreate the device's complex gear system\r\nA 2,000-year-old device often referred to as the world's oldest \"c\u2026 [+1986 chars]", "author": "Bbc News"}, {"date": "2021-03-12T17:17:29Z", "title": "Uber facemask case: Woman arrested after video shared by San Francisco driver - BBC News", "content": "image captionThe Uber driver said an \"altercation\" occurred after he asked a passenger to wear a face mask (file photo)\r\nA woman accused of refusing to wear a face mask in an Uber taxi and then assau\u2026 [+3083 chars]", "author": "https://www.facebook.com/bbcnews"}, {"date": "2021-03-12T15:44:12Z", "title": "Myanmar coup: The 'battle tactics' used in crackdowns on protests", "content": "By Joshua CheethamBBC News\r\nimage copyrightGetty Images\r\nimage captionHuman rights groups are calling on Myanmar's military to end it's use of lethal force against civilians\r\nOn a busy street in Yang\u2026 [+4160 chars]", "author": "Bbc News"}, {"date": "2021-03-12T15:29:38Z", "title": "University of Manchester advises against using 'mother' and 'father'", "content": "image captionThe University of Manchester has denied banning or scrapping certain words\r\nA university has advised staff against using the terms \"mother\" and \"father\" to avoid bias and assumption. \r\nT\u2026 [+2640 chars]", "author": "Bbc News"}, {"date": "2021-03-12T14:37:47Z", "title": "YouTube deletes 30,000 vaccine misinfo videos", "content": "image copyrightGetty Images\r\nYouTube has removed more than 30,000 misleading Covid-19 vaccination videos in the past five months, it said.\r\nA YouTube spokeswoman said the videos contradicted vaccine \u2026 [+1991 chars]", "author": "https://www.facebook.com/bbcnews"}, {"date": "2021-03-12T14:20:56Z", "title": "Boris Johnson visits Northern Ireland amid unionist tension - BBC News", "content": "By Ali GordonBBC News NI\r\nimage captionFirst Minister Arlene Foster met Boris Johnson at a Covid-19 vaccination centre in Enniskillen\r\nSinn F\u00e9in has refused to meet Boris Johnson as the prime ministe\u2026 [+4085 chars]", "author": "https://www.facebook.com/bbcnews"}, {"date": "2021-03-12T14:10:00Z", "title": "Coronavirus infections levelling off in some of UK", "content": "image copyrightGetty Images\r\nCoronavirus infections may be levelling off in some of the UK, according to data from the Office for National Statistics. \r\nThe figures for the week up to 6 March suggest\u2026 [+2397 chars]", "author": "Bbc News"}, {"date": "2021-03-12T13:55:32Z", "title": "Sarah Everard: Human remains confirmed as those of missing woman", "content": "image copyrightFamily handout\r\nimage captionSarah Everard has been described as \"beautiful, thoughtful and incredibly kind\"\r\nA body that was found during the search for Sarah Everard has been confirm\u2026 [+2772 chars]", "author": "Bbc News"}, {"date": "2021-03-12T13:14:15Z", "title": "Covid vaccine lowers cases in Scotland's healthcare worker families - BBC News", "content": "image captionMore than 144,000 healthcare workers were monitored for the study\r\nVaccination of Scotland's healthcare workers has lowered the rate of infection for people they live with, according to \u2026 [+2258 chars]", "author": "https://www.facebook.com/bbcnews"}, {"date": "2021-03-12T12:06:14Z", "title": "Leon Briggs: Police and ambulance 'failures' in restraint death", "content": "image copyrightFamily Handout\r\nimage captionLeon Briggs died in hospital after being restrained and detained under the Mental Health Act at Luton police station\r\nThe way in which police officers rest\u2026 [+1535 chars]", "author": "https://www.facebook.com/bbcnews"}, {"date": "2021-03-12T10:33:13Z", "title": "Cat missing for 20 years spent final days with owner", "content": "image captionPhoebe was two years old when she went missing from her home in Nantwich\r\nA cat missing for two decades was able to spend her final hours with her owner before being put down due to the \u2026 [+1572 chars]", "author": "Bbc News"}, {"date": "2021-03-12T09:32:57Z", "title": "Cliff Simon: Actor who played Ba'al in Stargate dies aged 58 - BBC News", "content": "image copyrightGetty Images\r\nimage captionCliff Simon also had roles in NCIS, 24 and Days of Our Lives\r\nActor Cliff Simon, best known as the villain Ba'al on Stargate SG-1, has died aged 58, his fami\u2026 [+2334 chars]", "author": "https://www.facebook.com/bbcnews"}, {"date": "2021-03-12T09:18:08Z", "title": "Sir Tim Berners-Lee warns of widening digital divide", "content": "Rory Cellan-JonesTechnology correspondent@BBCRoryCJon Twitter\r\nimage captionSir Tim invented the web in 1989\r\nThe creator of the web says coronavirus has highlighted the importance of internet connec\u2026 [+2743 chars]", "author": "https://www.facebook.com/bbcnews"}]