[{"dex": "#001", "ndex": "#387", "name": "Turtwig", "type1": "Grass", "page": "https://bulbapedia.bulbagarden.net/wiki/Turtwig_(Pok%C3%A9mon)"}, {"dex": "#002", "ndex": "#388", "name": "Grotle", "type1": "Grass", "page": "https://bulbapedia.bulbagarden.net/wiki/Grotle_(Pok%C3%A9mon)"}, {"dex": "#003", "ndex": "#389", "name": "Torterra", "type1": "Grass", "type2": "Ground", "page": "https://bulbapedia.bulbagarden.net/wiki/Torterra_(Pok%C3%A9mon)"}, {"dex": "#004", "ndex": "#390", "name": "Chimchar", "type1": "Fire", "page": "https://bulbapedia.bulbagarden.net/wiki/Chimchar_(Pok%C3%A9mon)"}, {"dex": "#005", "ndex": "#391", "name": "Monferno", "type1": "Fire", "type2": "Fighting", "page": "https://bulbapedia.bulbagarden.net/wiki/Monferno_(Pok%C3%A9mon)"}, {"dex": "#006", "ndex": "#392", "name": "Infernape", "type1": "Fire", "type2": "Fighting", "page": "https://bulbapedia.bulbagarden.net/wiki/Infernape_(Pok%C3%A9mon)"}, {"dex": "#007", "ndex": "#393", "name": "Piplup", "type1": "Water", "page": "https://bulbapedia.bulbagarden.net/wiki/Piplup_(Pok%C3%A9mon)"}, {"dex": "#008", "ndex": "#394", "name": "Prinplup", "type1": "Water", "page": "https://bulbapedia.bulbagarden.net/wiki/Prinplup_(Pok%C3%A9mon)"}, {"dex": "#009", "ndex": "#395", "name": "Empoleon", "type1": "Water", "type2": "Steel", "page": "https://bulbapedia.bulbagarden.net/wiki/Empoleon_(Pok%C3%A9mon)"}, {"dex": "#010", "ndex": "#396", "name": "Starly", "type1": "Normal", "type2": "Flying", "page": "https://bulbapedia.bulbagarden.net/wiki/Starly_(Pok%C3%A9mon)"}, {"dex": "#011", "ndex": "#397", "name": "Staravia", "type1": "Normal", "type2": "Flying", "page": "https://bulbapedia.bulbagarden.net/wiki/Staravia_(Pok%C3%A9mon)"}, {"dex": "#012", "ndex": "#398", "name": "Staraptor", "type1": "Normal", "type2": "Flying", "page": "https://bulbapedia.bulbagarden.net/wiki/Staraptor_(Pok%C3%A9mon)"}, {"dex": "#013", "ndex": "#399", "name": "Bidoof", "type1": "Normal", "page": "https://bulbapedia.bulbagarden.net/wiki/Bidoof_(Pok%C3%A9mon)"}, {"dex": "#014", "ndex": "#400", "name": "Bibarel", "type1": "Normal", "type2": "Water", "page": "https://bulbapedia.bulbagarden.net/wiki/Bibarel_(Pok%C3%A9mon)"}, {"dex": "#015", "ndex": "#401", "name": "Kricketot", "type1": "Bug", "page": "https://bulbapedia.bulbagarden.net/wiki/Kricketot_(Pok%C3%A9mon)"}, {"dex": "#016", "ndex": "#402", "name": "Kricketune", "type1": "Bug", "page": "https://bulbapedia.bulbagarden.net/wiki/Kricketune_(Pok%C3%A9mon)"}, {"dex": "#017", "ndex": "#403", "name": "Shinx", "type1": "Electric", "page": "https://bulbapedia.bulbagarden.net/wiki/Shinx_(Pok%C3%A9mon)"}, {"dex": "#018", "ndex": "#404", "name": "Luxio", "type1": "Electric", "page": "https://bulbapedia.bulbagarden.net/wiki/Luxio_(Pok%C3%A9mon)"}, {"dex": "#019", "ndex": "#405", "name": "Luxray", "type1": "Electric", "page": "https://bulbapedia.bulbagarden.net/wiki/Luxray_(Pok%C3%A9mon)"}, {"dex": "#025", "ndex": "#406", "name": "Budew", "type1": "Grass", "type2": "Poison", "page": "https://bulbapedia.bulbagarden.net/wiki/Budew_(Pok%C3%A9mon)"}, {"dex": "#027", "ndex": "#407", "name": "Roserade", "type1": "Grass", "type2": "Poison", "page": "https://bulbapedia.bulbagarden.net/wiki/Roserade_(Pok%C3%A9mon)"}, {"dex": "#036", "ndex": "#408", "name": "Cranidos", "type1": "Rock", "page": "https://bulbapedia.bulbagarden.net/wiki/Cranidos_(Pok%C3%A9mon)"}, {"dex": "#037", "ndex": "#409", "name": "Rampardos", "type1": "Rock", "page": "https://bulbapedia.bulbagarden.net/wiki/Rampardos_(Pok%C3%A9mon)"}, {"dex": "#038", "ndex": "#410", "name": "Shieldon", "type1": "Rock", "type2": "Steel", "page": "https://bulbapedia.bulbagarden.net/wiki/Shieldon_(Pok%C3%A9mon)"}, {"dex": "#039", "ndex": "#411", "name": "Bastiodon", "type1": "Rock", "type2": "Steel", "page": "https://bulbapedia.bulbagarden.net/wiki/Bastiodon_(Pok%C3%A9mon)"}, {"dex": "#045", "ndex": "#412", "name": "Burmy", "type1": "Bug", "page": "https://bulbapedia.bulbagarden.net/wiki/Burmy_(Pok%C3%A9mon)"}, {"dex": "#045", "ndex": "#412", "name": "Burmy", "type1": "Bug", "page": "https://bulbapedia.bulbagarden.net/wiki/Burmy_(Pok%C3%A9mon)"}, {"dex": "#045", "ndex": "#412", "name": "Burmy", "type1": "Bug", "page": "https://bulbapedia.bulbagarden.net/wiki/Burmy_(Pok%C3%A9mon)"}, {"dex": "#046", "ndex": "#413", "name": "Wormadam", "type1": "Bug", "type2": "Grass", "page": "https://bulbapedia.bulbagarden.net/wiki/Wormadam_(Pok%C3%A9mon)"}, {"dex": "#046", "ndex": "#413", "name": "Wormadam", "type1": "Bug", "type2": "Ground", "page": "https://bulbapedia.bulbagarden.net/wiki/Wormadam_(Pok%C3%A9mon)"}, {"dex": "#046", "ndex": "#413", "name": "Wormadam", "type1": "Bug", "type2": "Steel", "page": "https://bulbapedia.bulbagarden.net/wiki/Wormadam_(Pok%C3%A9mon)"}, {"dex": "#047", "ndex": "#414", "name": "Mothim", "type1": "Bug", "type2": "Flying", "page": "https://bulbapedia.bulbagarden.net/wiki/Mothim_(Pok%C3%A9mon)"}, {"dex": "#053", "ndex": "#415", "name": "Combee", "type1": "Bug", "type2": "Flying", "page": "https://bulbapedia.bulbagarden.net/wiki/Combee_(Pok%C3%A9mon)"}, {"dex": "#054", "ndex": "#416", "name": "Vespiquen", "type1": "Bug", "type2": "Flying", "page": "https://bulbapedia.bulbagarden.net/wiki/Vespiquen_(Pok%C3%A9mon)"}, {"dex": "#055", "ndex": "#417", "name": "Pachirisu", "type1": "Electric", "page": "https://bulbapedia.bulbagarden.net/wiki/Pachirisu_(Pok%C3%A9mon)"}, {"dex": "#056", "ndex": "#418", "name": "Buizel", "type1": "Water", "page": "https://bulbapedia.bulbagarden.net/wiki/Buizel_(Pok%C3%A9mon)"}, {"dex": "#057", "ndex": "#419", "name": "Floatzel", "type1": "Water", "page": "https://bulbapedia.bulbagarden.net/wiki/Floatzel_(Pok%C3%A9mon)"}, {"dex": "#058", "ndex": "#420", "name": "Cherubi", "type1": "Grass", "page": "https://bulbapedia.bulbagarden.net/wiki/Cherubi_(Pok%C3%A9mon)"}, {"dex": "#059", "ndex": "#421", "name": "Cherrim", "type1": "Grass", "page": "https://bulbapedia.bulbagarden.net/wiki/Cherrim_(Pok%C3%A9mon)"}, {"dex": "#060", "ndex": "#422", "name": "Shellos", "type1": "Water", "page": "https://bulbapedia.bulbagarden.net/wiki/Shellos_(Pok%C3%A9mon)"}, {"dex": "#060", "ndex": "#422", "name": "Shellos", "type1": "Water", "page": "https://bulbapedia.bulbagarden.net/wiki/Shellos_(Pok%C3%A9mon)"}, {"dex": "#061", "ndex": "#423", "name": "Gastrodon", "type1": "Water", "type2": "Ground", "page": "https://bulbapedia.bulbagarden.net/wiki/Gastrodon_(Pok%C3%A9mon)"}, {"dex": "#061", "ndex": "#423", "name": "Gastrodon", "type1": "Water", "type2": "Ground", "page": "https://bulbapedia.bulbagarden.net/wiki/Gastrodon_(Pok%C3%A9mon)"}, {"dex": "#064", "ndex": "#424", "name": "Ambipom", "type1": "Normal", "page": "https://bulbapedia.bulbagarden.net/wiki/Ambipom_(Pok%C3%A9mon)"}, {"dex": "#065", "ndex": "#425", "name": "Drifloon", "type1": "Ghost", "type2": "Flying", "page": "https://bulbapedia.bulbagarden.net/wiki/Drifloon_(Pok%C3%A9mon)"}, {"dex": "#066", "ndex": "#426", "name": "Drifblim", "type1": "Ghost", "type2": "Flying", "page": "https://bulbapedia.bulbagarden.net/wiki/Drifblim_(Pok%C3%A9mon)"}, {"dex": "#067", "ndex": "#427", "name": "Buneary", "type1": "Normal", "page": "https://bulbapedia.bulbagarden.net/wiki/Buneary_(Pok%C3%A9mon)"}, {"dex": "#068", "ndex": "#428", "name": "Lopunny", "type1": "Normal", "page": "https://bulbapedia.bulbagarden.net/wiki/Lopunny_(Pok%C3%A9mon)"}, {"dex": "#073", "ndex": "#429", "name": "Mismagius", "type1": "Ghost", "page": "https://bulbapedia.bulbagarden.net/wiki/Mismagius_(Pok%C3%A9mon)"}, {"dex": "#075", "ndex": "#430", "name": "Honchkrow", "type1": "Dark", "type2": "Flying", "page": "https://bulbapedia.bulbagarden.net/wiki/Honchkrow_(Pok%C3%A9mon)"}, {"dex": "#076", "ndex": "#431", "name": "Glameow", "type1": "Normal", "page": "https://bulbapedia.bulbagarden.net/wiki/Glameow_(Pok%C3%A9mon)"}, {"dex": "#077", "ndex": "#432", "name": "Purugly", "type1": "Normal", "page": "https://bulbapedia.bulbagarden.net/wiki/Purugly_(Pok%C3%A9mon)"}, {"dex": "#082", "ndex": "#433", "name": "Chingling", "type1": "Psychic", "page": "https://bulbapedia.bulbagarden.net/wiki/Chingling_(Pok%C3%A9mon)"}, {"dex": "#084", "ndex": "#434", "name": "Stunky", "type1": "Poison", "type2": "Dark", "page": "https://bulbapedia.bulbagarden.net/wiki/Stunky_(Pok%C3%A9mon)"}, {"dex": "#085", "ndex": "#435", "name": "Skuntank", "type1": "Poison", "type2": "Dark", "page": "https://bulbapedia.bulbagarden.net/wiki/Skuntank_(Pok%C3%A9mon)"}, {"dex": "#088", "ndex": "#436", "name": "Bronzor", "type1": "Steel", "type2": "Psychic", "page": "https://bulbapedia.bulbagarden.net/wiki/Bronzor_(Pok%C3%A9mon)"}, {"dex": "#089", "ndex": "#437", "name": "Bronzong", "type1": "Steel", "type2": "Psychic", "page": "https://bulbapedia.bulbagarden.net/wiki/Bronzong_(Pok%C3%A9mon)"}, {"dex": "#092", "ndex": "#438", "name": "Bonsly", "type1": "Rock", "page": "https://bulbapedia.bulbagarden.net/wiki/Bonsly_(Pok%C3%A9mon)"}, {"dex": "#094", "ndex": "#439", "name": "Mime Jr.", "type1": "Psychic", "type2": "Fairy", "page": "https://bulbapedia.bulbagarden.net/wiki/Mime Jr._(Pok%C3%A9mon)"}, {"dex": "#096", "ndex": "#440", "name": "Happiny", "type1": "Normal", "page": "https://bulbapedia.bulbagarden.net/wiki/Happiny_(Pok%C3%A9mon)"}, {"dex": "#102", "ndex": "#441", "name": "Chatot", "type1": "Normal", "type2": "Flying", "page": "https://bulbapedia.bulbagarden.net/wiki/Chatot_(Pok%C3%A9mon)"}, {"dex": "#108", "ndex": "#442", "name": "Spiritomb", "type1": "Ghost", "type2": "Dark", "page": "https://bulbapedia.bulbagarden.net/wiki/Spiritomb_(Pok%C3%A9mon)"}, {"dex": "#109", "ndex": "#443", "name": "Gible", "type1": "Dragon", "type2": "Ground", "page": "https://bulbapedia.bulbagarden.net/wiki/Gible_(Pok%C3%A9mon)"}, {"dex": "#110", "ndex": "#444", "name": "Gabite", "type1": "Dragon", "type2": "Ground", "page": "https://bulbapedia.bulbagarden.net/wiki/Gabite_(Pok%C3%A9mon)"}, {"dex": "#111", "ndex": "#445", "name": "Garchomp", "type1": "Dragon", "type2": "Ground", "page": "https://bulbapedia.bulbagarden.net/wiki/Garchomp_(Pok%C3%A9mon)"}, {"dex": "#112", "ndex": "#446", "name": "Munchlax", "type1": "Normal", "page": "https://bulbapedia.bulbagarden.net/wiki/Munchlax_(Pok%C3%A9mon)"}, {"dex": "#115", "ndex": "#447", "name": "Riolu", "type1": "Fighting", "page": "https://bulbapedia.bulbagarden.net/wiki/Riolu_(Pok%C3%A9mon)"}, {"dex": "#116", "ndex": "#448", "name": "Lucario", "type1": "Fighting", "type2": "Steel", "page": "https://bulbapedia.bulbagarden.net/wiki/Lucario_(Pok%C3%A9mon)"}, {"dex": "#122", "ndex": "#449", "name": "Hippopotas", "type1": "Ground", "page": "https://bulbapedia.bulbagarden.net/wiki/Hippopotas_(Pok%C3%A9mon)"}, {"dex": "#123", "ndex": "#450", "name": "Hippowdon", "type1": "Ground", "page": "https://bulbapedia.bulbagarden.net/wiki/Hippowdon_(Pok%C3%A9mon)"}, {"dex": "#127", "ndex": "#451", "name": "Skorupi", "type1": "Poison", "type2": "Bug", "page": "https://bulbapedia.bulbagarden.net/wiki/Skorupi_(Pok%C3%A9mon)"}, {"dex": "#128", "ndex": "#452", "name": "Drapion", "type1": "Poison", "type2": "Dark", "page": "https://bulbapedia.bulbagarden.net/wiki/Drapion_(Pok%C3%A9mon)"}, {"dex": "#129", "ndex": "#453", "name": "Croagunk", "type1": "Poison", "type2": "Fighting", "page": "https://bulbapedia.bulbagarden.net/wiki/Croagunk_(Pok%C3%A9mon)"}, {"dex": "#130", "ndex": "#454", "name": "Toxicroak", "type1": "Poison", "type2": "Fighting", "page": "https://bulbapedia.bulbagarden.net/wiki/Toxicroak_(Pok%C3%A9mon)"}, {"dex": "#131", "ndex": "#455", "name": "Carnivine", "type1": "Grass", "page": "https://bulbapedia.bulbagarden.net/wiki/Carnivine_(Pok%C3%A9mon)"}, {"dex": "#134", "ndex": "#456", "name": "Finneon", "type1": "Water", "page": "https://bulbapedia.bulbagarden.net/wiki/Finneon_(Pok%C3%A9mon)"}, {"dex": "#135", "ndex": "#457", "name": "Lumineon", "type1": "Water", "page": "https://bulbapedia.bulbagarden.net/wiki/Lumineon_(Pok%C3%A9mon)"}, {"dex": "#140", "ndex": "#458", "name": "Mantyke", "type1": "Water", "type2": "Flying", "page": "https://bulbapedia.bulbagarden.net/wiki/Mantyke_(Pok%C3%A9mon)"}, {"dex": "#142", "ndex": "#459", "name": "Snover", "type1": "Grass", "type2": "Ice", "page": "https://bulbapedia.bulbagarden.net/wiki/Snover_(Pok%C3%A9mon)"}, {"dex": "#143", "ndex": "#460", "name": "Abomasnow", "type1": "Grass", "type2": "Ice", "page": "https://bulbapedia.bulbagarden.net/wiki/Abomasnow_(Pok%C3%A9mon)"}, {"dex": "#145", "ndex": "#461", "name": "Weavile", "type1": "Dark", "type2": "Ice", "page": "https://bulbapedia.bulbagarden.net/wiki/Weavile_(Pok%C3%A9mon)"}, {"dex": "#180", "ndex": "#462", "name": "Magnezone", "type1": "Electric", "type2": "Steel", "page": "https://bulbapedia.bulbagarden.net/wiki/Magnezone_(Pok%C3%A9mon)"}, {"dex": "#162", "ndex": "#463", "name": "Lickilicky", "type1": "Normal", "page": "https://bulbapedia.bulbagarden.net/wiki/Lickilicky_(Pok%C3%A9mon)"}, {"dex": "#188", "ndex": "#464", "name": "Rhyperior", "type1": "Ground", "type2": "Rock", "page": "https://bulbapedia.bulbagarden.net/wiki/Rhyperior_(Pok%C3%A9mon)"}, {"dex": "#182", "ndex": "#465", "name": "Tangrowth", "type1": "Grass", "page": "https://bulbapedia.bulbagarden.net/wiki/Tangrowth_(Pok%C3%A9mon)"}, {"dex": "#199", "ndex": "#466", "name": "Electivire", "type1": "Electric", "page": "https://bulbapedia.bulbagarden.net/wiki/Electivire_(Pok%C3%A9mon)"}, {"dex": "#202", "ndex": "#467", "name": "Magmortar", "type1": "Fire", "page": "https://bulbapedia.bulbagarden.net/wiki/Magmortar_(Pok%C3%A9mon)"}, {"dex": "#175", "ndex": "#468", "name": "Togekiss", "type1": "Fairy", "type2": "Flying", "page": "https://bulbapedia.bulbagarden.net/wiki/Togekiss_(Pok%C3%A9mon)"}, {"dex": "#184", "ndex": "#469", "name": "Yanmega", "type1": "Bug", "type2": "Flying", "page": "https://bulbapedia.bulbagarden.net/wiki/Yanmega_(Pok%C3%A9mon)"}, {"dex": "#169", "ndex": "#470", "name": "Leafeon", "type1": "Grass", "page": "https://bulbapedia.bulbagarden.net/wiki/Leafeon_(Pok%C3%A9mon)"}, {"dex": "#170", "ndex": "#471", "name": "Glaceon", "type1": "Ice", "page": "https://bulbapedia.bulbagarden.net/wiki/Glaceon_(Pok%C3%A9mon)"}, {"dex": "#154", "ndex": "#472", "name": "Gliscor", "type1": "Ground", "type2": "Flying", "page": "https://bulbapedia.bulbagarden.net/wiki/Gliscor_(Pok%C3%A9mon)"}, {"dex": "#205", "ndex": "#473", "name": "Mamoswine", "type1": "Ice", "type2": "Ground", "page": "https://bulbapedia.bulbagarden.net/wiki/Mamoswine_(Pok%C3%A9mon)"}, {"dex": "#194", "ndex": "#474", "name": "Porygon-Z", "type1": "Normal", "page": "https://bulbapedia.bulbagarden.net/wiki/Porygon-Z_(Pok%C3%A9mon)"}, {"dex": "#160", "ndex": "#475", "name": "Gallade", "type1": "Psychic", "type2": "Fighting", "page": "https://bulbapedia.bulbagarden.net/wiki/Gallade_(Pok%C3%A9mon)"}, {"dex": "#156", "ndex": "#476", "name": "Probopass", "type1": "Rock", "type2": "Steel", "page": "https://bulbapedia.bulbagarden.net/wiki/Probopass_(Pok%C3%A9mon)"}, {"dex": "#191", "ndex": "#477", "name": "Dusknoir", "type1": "Ghost", "page": "https://bulbapedia.bulbagarden.net/wiki/Dusknoir_(Pok%C3%A9mon)"}, {"dex": "#208", "ndex": "#478", "name": "Froslass", "type1": "Ice", "type2": "Ghost", "page": "https://bulbapedia.bulbagarden.net/wiki/Froslass_(Pok%C3%A9mon)"}, {"dex": "#152", "ndex": "#479", "name": "Rotom", "type1": "Electric", "type2": "Ghost", "page": "https://bulbapedia.bulbagarden.net/wiki/Rotom_(Pok%C3%A9mon)"}, {"dex": "#152", "ndex": "#479", "name": "Rotom", "type1": "Electric", "type2": "Fire", "page": "https://bulbapedia.bulbagarden.net/wiki/Rotom_(Pok%C3%A9mon)"}, {"dex": "#152", "ndex": "#479", "name": "Rotom", "type1": "Electric", "type2": "Water", "page": "https://bulbapedia.bulbagarden.net/wiki/Rotom_(Pok%C3%A9mon)"}, {"dex": "#152", "ndex": "#479", "name": "Rotom", "type1": "Electric", "type2": "Ice", "page": "https://bulbapedia.bulbagarden.net/wiki/Rotom_(Pok%C3%A9mon)"}, {"dex": "#152", "ndex": "#479", "name": "Rotom", "type1": "Electric", "type2": "Flying", "page": "https://bulbapedia.bulbagarden.net/wiki/Rotom_(Pok%C3%A9mon)"}, {"dex": "#152", "ndex": "#479", "name": "Rotom", "type1": "Electric", "type2": "Grass", "page": "https://bulbapedia.bulbagarden.net/wiki/Rotom_(Pok%C3%A9mon)"}, {"dex": "#146", "ndex": "#480", "name": "Uxie", "type1": "Psychic", "page": "https://bulbapedia.bulbagarden.net/wiki/Uxie_(Pok%C3%A9mon)"}, {"dex": "#147", "ndex": "#481", "name": "Mesprit", "type1": "Psychic", "page": "https://bulbapedia.bulbagarden.net/wiki/Mesprit_(Pok%C3%A9mon)"}, {"dex": "#148", "ndex": "#482", "name": "Azelf", "type1": "Psychic", "page": "https://bulbapedia.bulbagarden.net/wiki/Azelf_(Pok%C3%A9mon)"}, {"dex": "#149", "ndex": "#483", "name": "Dialga", "type1": "Steel", "type2": "Dragon", "page": "https://bulbapedia.bulbagarden.net/wiki/Dialga_(Pok%C3%A9mon)"}, {"dex": "#150", "ndex": "#484", "name": "Palkia", "type1": "Water", "type2": "Dragon", "page": "https://bulbapedia.bulbagarden.net/wiki/Palkia_(Pok%C3%A9mon)"}, {"dex": "", "ndex": "#485", "name": "Heatran", "type1": "Fire", "type2": "Steel", "page": "https://bulbapedia.bulbagarden.net/wiki/Heatran_(Pok%C3%A9mon)"}, {"dex": "", "ndex": "#486", "name": "Regigigas", "type1": "Normal", "page": "https://bulbapedia.bulbagarden.net/wiki/Regigigas_(Pok%C3%A9mon)"}, {"dex": "#210", "ndex": "#487", "name": "Giratina", "type1": "Ghost", "type2": "Dragon", "page": "https://bulbapedia.bulbagarden.net/wiki/Giratina_(Pok%C3%A9mon)"}, {"dex": "#210", "ndex": "#487", "name": "Giratina", "type1": "Ghost", "type2": "Dragon", "page": "https://bulbapedia.bulbagarden.net/wiki/Giratina_(Pok%C3%A9mon)"}, {"dex": "", "ndex": "#488", "name": "Cresselia", "type1": "Psychic", "page": "https://bulbapedia.bulbagarden.net/wiki/Cresselia_(Pok%C3%A9mon)"}, {"dex": "", "ndex": "#489", "name": "Phione", "type1": "Water", "page": "https://bulbapedia.bulbagarden.net/wiki/Phione_(Pok%C3%A9mon)"}, {"dex": "#151", "ndex": "#490", "name": "Manaphy", "type1": "Water", "page": "https://bulbapedia.bulbagarden.net/wiki/Manaphy_(Pok%C3%A9mon)"}, {"dex": "", "ndex": "#491", "name": "Darkrai", "type1": "Dark", "page": "https://bulbapedia.bulbagarden.net/wiki/Darkrai_(Pok%C3%A9mon)"}, {"dex": "", "ndex": "#492", "name": "Shaymin", "type1": "Grass", "page": "https://bulbapedia.bulbagarden.net/wiki/Shaymin_(Pok%C3%A9mon)"}, {"dex": "", "ndex": "#492", "name": "Shaymin", "type1": "Grass", "type2": "Flying", "page": "https://bulbapedia.bulbagarden.net/wiki/Shaymin_(Pok%C3%A9mon)"}, {"dex": "", "ndex": "#493", "name": "Arceus", "type1": "Normal", "page": "https://bulbapedia.bulbagarden.net/wiki/Arceus_(Pok%C3%A9mon)"}]