[{"dex": "#001", "ndex": "#810", "name": "Grookey", "type1": "Grass", "page": "https://bulbapedia.bulbagarden.net/wiki/Grookey_(Pok%C3%A9mon)"}, {"dex": "#002", "ndex": "#811", "name": "Thwackey", "type1": "Grass", "page": "https://bulbapedia.bulbagarden.net/wiki/Thwackey_(Pok%C3%A9mon)"}, {"dex": "#003", "ndex": "#812", "name": "Rillaboom", "type1": "Grass", "page": "https://bulbapedia.bulbagarden.net/wiki/Rillaboom_(Pok%C3%A9mon)"}, {"dex": "#004", "ndex": "#813", "name": "Scorbunny", "type1": "Fire", "page": "https://bulbapedia.bulbagarden.net/wiki/Scorbunny_(Pok%C3%A9mon)"}, {"dex": "#005", "ndex": "#814", "name": "Raboot", "type1": "Fire", "page": "https://bulbapedia.bulbagarden.net/wiki/Raboot_(Pok%C3%A9mon)"}, {"dex": "#006", "ndex": "#815", "name": "Cinderace", "type1": "Fire", "page": "https://bulbapedia.bulbagarden.net/wiki/Cinderace_(Pok%C3%A9mon)"}, {"dex": "#007", "ndex": "#816", "name": "Sobble", "type1": "Water", "page": "https://bulbapedia.bulbagarden.net/wiki/Sobble_(Pok%C3%A9mon)"}, {"dex": "#008", "ndex": "#817", "name": "Drizzile", "type1": "Water", "page": "https://bulbapedia.bulbagarden.net/wiki/Drizzile_(Pok%C3%A9mon)"}, {"dex": "#009", "ndex": "#818", "name": "Inteleon", "type1": "Water", "page": "https://bulbapedia.bulbagarden.net/wiki/Inteleon_(Pok%C3%A9mon)"}, {"dex": "#024", "ndex": "#819", "name": "Skwovet", "type1": "Normal", "page": "https://bulbapedia.bulbagarden.net/wiki/Skwovet_(Pok%C3%A9mon)"}, {"dex": "#025", "ndex": "#820", "name": "Greedent", "type1": "Normal", "page": "https://bulbapedia.bulbagarden.net/wiki/Greedent_(Pok%C3%A9mon)"}, {"dex": "#021", "ndex": "#821", "name": "Rookidee", "type1": "Flying", "page": "https://bulbapedia.bulbagarden.net/wiki/Rookidee_(Pok%C3%A9mon)"}, {"dex": "#022", "ndex": "#822", "name": "Corvisquire", "type1": "Flying", "page": "https://bulbapedia.bulbagarden.net/wiki/Corvisquire_(Pok%C3%A9mon)"}, {"dex": "#023", "ndex": "#823", "name": "Corviknight", "type1": "Flying", "type2": "Steel", "page": "https://bulbapedia.bulbagarden.net/wiki/Corviknight_(Pok%C3%A9mon)"}, {"dex": "#010", "ndex": "#824", "name": "Blipbug", "type1": "Bug", "page": "https://bulbapedia.bulbagarden.net/wiki/Blipbug_(Pok%C3%A9mon)"}, {"dex": "#011", "ndex": "#825", "name": "Dottler", "type1": "Bug", "type2": "Psychic", "page": "https://bulbapedia.bulbagarden.net/wiki/Dottler_(Pok%C3%A9mon)"}, {"dex": "#012", "ndex": "#826", "name": "Orbeetle", "type1": "Bug", "type2": "Psychic", "page": "https://bulbapedia.bulbagarden.net/wiki/Orbeetle_(Pok%C3%A9mon)"}, {"dex": "#029", "ndex": "#827", "name": "Nickit", "type1": "Dark", "page": "https://bulbapedia.bulbagarden.net/wiki/Nickit_(Pok%C3%A9mon)"}, {"dex": "#030", "ndex": "#828", "name": "Thievul", "type1": "Dark", "page": "https://bulbapedia.bulbagarden.net/wiki/Thievul_(Pok%C3%A9mon)"}, {"dex": "#126", "ndex": "#829", "name": "Gossifleur", "type1": "Grass", "page": "https://bulbapedia.bulbagarden.net/wiki/Gossifleur_(Pok%C3%A9mon)"}, {"dex": "#127", "ndex": "#830", "name": "Eldegoss", "type1": "Grass", "page": "https://bulbapedia.bulbagarden.net/wiki/Eldegoss_(Pok%C3%A9mon)"}, {"dex": "#034", "ndex": "#831", "name": "Wooloo", "type1": "Normal", "page": "https://bulbapedia.bulbagarden.net/wiki/Wooloo_(Pok%C3%A9mon)"}, {"dex": "#035", "ndex": "#832", "name": "Dubwool", "type1": "Normal", "page": "https://bulbapedia.bulbagarden.net/wiki/Dubwool_(Pok%C3%A9mon)"}, {"dex": "#042", "ndex": "#833", "name": "Chewtle", "type1": "Water", "page": "https://bulbapedia.bulbagarden.net/wiki/Chewtle_(Pok%C3%A9mon)"}, {"dex": "#043", "ndex": "#834", "name": "Drednaw", "type1": "Water", "type2": "Rock", "page": "https://bulbapedia.bulbagarden.net/wiki/Drednaw_(Pok%C3%A9mon)"}, {"dex": "#046", "ndex": "#835", "name": "Yamper", "type1": "Electric", "page": "https://bulbapedia.bulbagarden.net/wiki/Yamper_(Pok%C3%A9mon)"}, {"dex": "#047", "ndex": "#836", "name": "Boltund", "type1": "Electric", "page": "https://bulbapedia.bulbagarden.net/wiki/Boltund_(Pok%C3%A9mon)"}, {"dex": "#161", "ndex": "#837", "name": "Rolycoly", "type1": "Rock", "page": "https://bulbapedia.bulbagarden.net/wiki/Rolycoly_(Pok%C3%A9mon)"}, {"dex": "#162", "ndex": "#838", "name": "Carkol", "type1": "Rock", "type2": "Fire", "page": "https://bulbapedia.bulbagarden.net/wiki/Carkol_(Pok%C3%A9mon)"}, {"dex": "#163", "ndex": "#839", "name": "Coalossal", "type1": "Rock", "type2": "Fire", "page": "https://bulbapedia.bulbagarden.net/wiki/Coalossal_(Pok%C3%A9mon)"}, {"dex": "#205", "ndex": "#840", "name": "Applin", "type1": "Grass", "type2": "Dragon", "page": "https://bulbapedia.bulbagarden.net/wiki/Applin_(Pok%C3%A9mon)"}, {"dex": "#206", "ndex": "#841", "name": "Flapple", "type1": "Grass", "type2": "Dragon", "page": "https://bulbapedia.bulbagarden.net/wiki/Flapple_(Pok%C3%A9mon)"}, {"dex": "#207", "ndex": "#842", "name": "Appletun", "type1": "Grass", "type2": "Dragon", "page": "https://bulbapedia.bulbagarden.net/wiki/Appletun_(Pok%C3%A9mon)"}, {"dex": "#312", "ndex": "#843", "name": "Silicobra", "type1": "Ground", "page": "https://bulbapedia.bulbagarden.net/wiki/Silicobra_(Pok%C3%A9mon)"}, {"dex": "#313", "ndex": "#844", "name": "Sandaconda", "type1": "Ground", "page": "https://bulbapedia.bulbagarden.net/wiki/Sandaconda_(Pok%C3%A9mon)"}, {"dex": "#309", "ndex": "#845", "name": "Cramorant", "type1": "Flying", "type2": "Water", "page": "https://bulbapedia.bulbagarden.net/wiki/Cramorant_(Pok%C3%A9mon)"}, {"dex": "#180", "ndex": "#846", "name": "Arrokuda", "type1": "Water", "page": "https://bulbapedia.bulbagarden.net/wiki/Arrokuda_(Pok%C3%A9mon)"}, {"dex": "#181", "ndex": "#847", "name": "Barraskewda", "type1": "Water", "page": "https://bulbapedia.bulbagarden.net/wiki/Barraskewda_(Pok%C3%A9mon)"}, {"dex": "#310", "ndex": "#848", "name": "Toxel", "type1": "Electric", "type2": "Poison", "page": "https://bulbapedia.bulbagarden.net/wiki/Toxel_(Pok%C3%A9mon)"}, {"dex": "#311", "ndex": "#849", "name": "Toxtricity", "type1": "Electric", "type2": "Poison", "page": "https://bulbapedia.bulbagarden.net/wiki/Toxtricity_(Pok%C3%A9mon)"}, {"dex": "#159", "ndex": "#850", "name": "Sizzlipede", "type1": "Fire", "type2": "Bug", "page": "https://bulbapedia.bulbagarden.net/wiki/Sizzlipede_(Pok%C3%A9mon)"}, {"dex": "#160", "ndex": "#851", "name": "Centiskorch", "type1": "Fire", "type2": "Bug", "page": "https://bulbapedia.bulbagarden.net/wiki/Centiskorch_(Pok%C3%A9mon)"}, {"dex": "#351", "ndex": "#852", "name": "Clobbopus", "type1": "Fighting", "page": "https://bulbapedia.bulbagarden.net/wiki/Clobbopus_(Pok%C3%A9mon)"}, {"dex": "#352", "ndex": "#853", "name": "Grapploct", "type1": "Fighting", "page": "https://bulbapedia.bulbagarden.net/wiki/Grapploct_(Pok%C3%A9mon)"}, {"dex": "#335", "ndex": "#854", "name": "Sinistea", "type1": "Ghost", "page": "https://bulbapedia.bulbagarden.net/wiki/Sinistea_(Pok%C3%A9mon)"}, {"dex": "#336", "ndex": "#855", "name": "Polteageist", "type1": "Ghost", "page": "https://bulbapedia.bulbagarden.net/wiki/Polteageist_(Pok%C3%A9mon)"}, {"dex": "#241", "ndex": "#856", "name": "Hatenna", "type1": "Psychic", "page": "https://bulbapedia.bulbagarden.net/wiki/Hatenna_(Pok%C3%A9mon)"}, {"dex": "#242", "ndex": "#857", "name": "Hattrem", "type1": "Psychic", "page": "https://bulbapedia.bulbagarden.net/wiki/Hattrem_(Pok%C3%A9mon)"}, {"dex": "#243", "ndex": "#858", "name": "Hatterene", "type1": "Psychic", "type2": "Fairy", "page": "https://bulbapedia.bulbagarden.net/wiki/Hatterene_(Pok%C3%A9mon)"}, {"dex": "#238", "ndex": "#859", "name": "Impidimp", "type1": "Dark", "type2": "Fairy", "page": "https://bulbapedia.bulbagarden.net/wiki/Impidimp_(Pok%C3%A9mon)"}, {"dex": "#239", "ndex": "#860", "name": "Morgrem", "type1": "Dark", "type2": "Fairy", "page": "https://bulbapedia.bulbagarden.net/wiki/Morgrem_(Pok%C3%A9mon)"}, {"dex": "#240", "ndex": "#861", "name": "Grimmsnarl", "type1": "Dark", "type2": "Fairy", "page": "https://bulbapedia.bulbagarden.net/wiki/Grimmsnarl_(Pok%C3%A9mon)"}, {"dex": "#033", "ndex": "#862", "name": "Obstagoon", "type1": "Dark", "type2": "Normal", "page": "https://bulbapedia.bulbagarden.net/wiki/Obstagoon_(Pok%C3%A9mon)"}, {"dex": "#183", "ndex": "#863", "name": "Perrserker", "type1": "Steel", "page": "https://bulbapedia.bulbagarden.net/wiki/Perrserker_(Pok%C3%A9mon)"}, {"dex": "#237", "ndex": "#864", "name": "Cursola", "type1": "Ghost", "page": "https://bulbapedia.bulbagarden.net/wiki/Cursola_(Pok%C3%A9mon)"}, {"dex": "#219", "ndex": "#865", "name": "Sirfetch'd", "type1": "Fighting", "page": "https://bulbapedia.bulbagarden.net/wiki/Sirfetch'd_(Pok%C3%A9mon)"}, {"dex": "#366", "ndex": "#866", "name": "Mr. Rime", "type1": "Ice", "type2": "Psychic", "page": "https://bulbapedia.bulbagarden.net/wiki/Mr. Rime_(Pok%C3%A9mon)"}, {"dex": "#328", "ndex": "#867", "name": "Runerigus", "type1": "Ground", "type2": "Ghost", "page": "https://bulbapedia.bulbagarden.net/wiki/Runerigus_(Pok%C3%A9mon)"}, {"dex": "#185", "ndex": "#868", "name": "Milcery", "type1": "Fairy", "page": "https://bulbapedia.bulbagarden.net/wiki/Milcery_(Pok%C3%A9mon)"}, {"dex": "#186", "ndex": "#869", "name": "Alcremie", "type1": "Fairy", "page": "https://bulbapedia.bulbagarden.net/wiki/Alcremie_(Pok%C3%A9mon)"}, {"dex": "#345", "ndex": "#870", "name": "Falinks", "type1": "Fighting", "page": "https://bulbapedia.bulbagarden.net/wiki/Falinks_(Pok%C3%A9mon)"}, {"dex": "#353", "ndex": "#871", "name": "Pincurchin", "type1": "Electric", "page": "https://bulbapedia.bulbagarden.net/wiki/Pincurchin_(Pok%C3%A9mon)"}, {"dex": "#349", "ndex": "#872", "name": "Snom", "type1": "Ice", "type2": "Bug", "page": "https://bulbapedia.bulbagarden.net/wiki/Snom_(Pok%C3%A9mon)"}, {"dex": "#350", "ndex": "#873", "name": "Frosmoth", "type1": "Ice", "type2": "Bug", "page": "https://bulbapedia.bulbagarden.net/wiki/Frosmoth_(Pok%C3%A9mon)"}, {"dex": "#369", "ndex": "#874", "name": "Stonjourner", "type1": "Rock", "page": "https://bulbapedia.bulbagarden.net/wiki/Stonjourner_(Pok%C3%A9mon)"}, {"dex": "#370", "ndex": "#875", "name": "Eiscue", "type1": "Ice", "page": "https://bulbapedia.bulbagarden.net/wiki/Eiscue_(Pok%C3%A9mon)"}, {"dex": "#337", "ndex": "#876", "name": "Indeedee", "type1": "Psychic", "type2": "Normal", "page": "https://bulbapedia.bulbagarden.net/wiki/Indeedee_(Pok%C3%A9mon)"}, {"dex": "#344", "ndex": "#877", "name": "Morpeko", "type1": "Electric", "type2": "Dark", "page": "https://bulbapedia.bulbagarden.net/wiki/Morpeko_(Pok%C3%A9mon)"}, {"dex": "#302", "ndex": "#878", "name": "Cufant", "type1": "Steel", "page": "https://bulbapedia.bulbagarden.net/wiki/Cufant_(Pok%C3%A9mon)"}, {"dex": "#303", "ndex": "#879", "name": "Copperajah", "type1": "Steel", "page": "https://bulbapedia.bulbagarden.net/wiki/Copperajah_(Pok%C3%A9mon)"}, {"dex": "#374", "ndex": "#880", "name": "Dracozolt", "type1": "Electric", "type2": "Dragon", "page": "https://bulbapedia.bulbagarden.net/wiki/Dracozolt_(Pok%C3%A9mon)"}, {"dex": "#375", "ndex": "#881", "name": "Arctozolt", "type1": "Electric", "type2": "Ice", "page": "https://bulbapedia.bulbagarden.net/wiki/Arctozolt_(Pok%C3%A9mon)"}, {"dex": "#376", "ndex": "#882", "name": "Dracovish", "type1": "Water", "type2": "Dragon", "page": "https://bulbapedia.bulbagarden.net/wiki/Dracovish_(Pok%C3%A9mon)"}, {"dex": "#377", "ndex": "#883", "name": "Arctovish", "type1": "Water", "type2": "Ice", "page": "https://bulbapedia.bulbagarden.net/wiki/Arctovish_(Pok%C3%A9mon)"}, {"dex": "#371", "ndex": "#884", "name": "Duraludon", "type1": "Steel", "type2": "Dragon", "page": "https://bulbapedia.bulbagarden.net/wiki/Duraludon_(Pok%C3%A9mon)"}, {"dex": "#395", "ndex": "#885", "name": "Dreepy", "type1": "Dragon", "type2": "Ghost", "page": "https://bulbapedia.bulbagarden.net/wiki/Dreepy_(Pok%C3%A9mon)"}, {"dex": "#396", "ndex": "#886", "name": "Drakloak", "type1": "Dragon", "type2": "Ghost", "page": "https://bulbapedia.bulbagarden.net/wiki/Drakloak_(Pok%C3%A9mon)"}, {"dex": "#397", "ndex": "#887", "name": "Dragapult", "type1": "Dragon", "type2": "Ghost", "page": "https://bulbapedia.bulbagarden.net/wiki/Dragapult_(Pok%C3%A9mon)"}, {"dex": "#398", "ndex": "#888", "name": "Zacian", "type1": "Fairy", "page": "https://bulbapedia.bulbagarden.net/wiki/Zacian_(Pok%C3%A9mon)"}, {"dex": "#398", "ndex": "#888", "name": "Zacian", "type1": "Fairy", "type2": "Steel", "page": "https://bulbapedia.bulbagarden.net/wiki/Zacian_(Pok%C3%A9mon)"}, {"dex": "#399", "ndex": "#889", "name": "Zamazenta", "type1": "Fighting", "page": "https://bulbapedia.bulbagarden.net/wiki/Zamazenta_(Pok%C3%A9mon)"}, {"dex": "#399", "ndex": "#889", "name": "Zamazenta", "type1": "Fighting", "type2": "Steel", "page": "https://bulbapedia.bulbagarden.net/wiki/Zamazenta_(Pok%C3%A9mon)"}, {"dex": "#400", "ndex": "#890", "name": "Eternatus", "type1": "Poison", "type2": "Dragon", "page": "https://bulbapedia.bulbagarden.net/wiki/Eternatus_(Pok%C3%A9mon)"}, {"dex": "#---", "ndex": "#891", "name": "Kubfu", "type1": "Fighting", "page": "https://bulbapedia.bulbagarden.net/wiki/Kubfu_(Pok%C3%A9mon)"}, {"dex": "#---", "ndex": "#892", "name": "Urshifu", "type1": "Fighting", "type2": "Dark", "page": "https://bulbapedia.bulbagarden.net/wiki/Urshifu_(Pok%C3%A9mon)"}, {"dex": "#---", "ndex": "#892", "name": "Urshifu", "type1": "Fighting", "type2": "Water", "page": "https://bulbapedia.bulbagarden.net/wiki/Urshifu_(Pok%C3%A9mon)"}, {"dex": "#---", "ndex": "#893", "name": "Zarude", "type1": "Dark", "type2": "Grass", "page": "https://bulbapedia.bulbagarden.net/wiki/Zarude_(Pok%C3%A9mon)"}, {"dex": "#---", "ndex": "#894", "name": "Regieleki", "type1": "Electric", "page": "https://bulbapedia.bulbagarden.net/wiki/Regieleki_(Pok%C3%A9mon)"}, {"dex": "#---", "ndex": "#895", "name": "Regidrago", "type1": "Dragon", "page": "https://bulbapedia.bulbagarden.net/wiki/Regidrago_(Pok%C3%A9mon)"}, {"dex": "#---", "ndex": "#896", "name": "Glastrier", "type1": "Ice", "page": "https://bulbapedia.bulbagarden.net/wiki/Glastrier_(Pok%C3%A9mon)"}, {"dex": "#---", "ndex": "#897", "name": "Spectrier", "type1": "Ghost", "page": "https://bulbapedia.bulbagarden.net/wiki/Spectrier_(Pok%C3%A9mon)"}, {"dex": "#---", "ndex": "#898", "name": "Calyrex", "type1": "Psychic", "type2": "Grass", "page": "https://bulbapedia.bulbagarden.net/wiki/Calyrex_(Pok%C3%A9mon)"}, {"dex": "#---", "ndex": "#898", "name": "Calyrex", "type1": "Psychic", "type2": "Ice", "page": "https://bulbapedia.bulbagarden.net/wiki/Calyrex_(Pok%C3%A9mon)"}, {"dex": "#---", "ndex": "#898", "name": "Calyrex", "type1": "Psychic", "type2": "Ghost", "page": "https://bulbapedia.bulbagarden.net/wiki/Calyrex_(Pok%C3%A9mon)"}]